cluster,salary_mean,salary_min,salary_max,money_mean,money_min,money_max,age_mean,age_min,age_max,financial_products
0,4041229.4915254237,2216592,7591448,50521562.55932204,18037981,178006486,31.508474576271187,19,51,"{'33': 18, '35': 15, '34': 15, '1': 14, '31': 14, '2': 13, '13': 12, '32': 11, '9': 10, '7': 8, '8': 8, '5': 8, '4': 8, '17': 8, '6': 7, '27': 7, '11': 7, '10': 6, '26': 5, '25': 5, '28': 3, '29': 3, '16': 2, '24': 1, '22': 1, '14': 1, '12': 1, '18': 1}"
1,9786377.315789474,7425167,12681572,112122697.31578948,62885596,170461916,66.10526315789474,56,75,"{'18': 9, '22': 9, '19': 8, '24': 7, '16': 6, '14': 5, '20': 5, '15': 5, '36': 5, '21': 5, '12': 4, '30': 3}"
2,10026344.909090908,7290020,12896464,120760802.0,72400233,176213916,44.72727272727273,28,55,"{'14': 10, '18': 9, '15': 8, '12': 7, '30': 7, '36': 7, '19': 6, '16': 6, '22': 5, '21': 5, '24': 3, '20': 2}"
